Date,Elements_Planned
2026-02-28,"E-007, E-035, E-038, E-099, E-201, E-220, E-234, E-311, E-354, E-464"
2026-03-01,"E-164, E-173, E-181, E-197, E-205, E-295"
2026-03-02,"E-024, E-055, E-103, E-105, E-112, E-283, E-340, E-401, E-408, E-441, E-460"
2026-03-03,"E-031, E-061, E-070, E-158, E-218, E-222, E-241, E-262, E-296, E-356, E-394, E-477, E-488"
2026-03-04,"E-025, E-033, E-066, E-085, E-102, E-116, E-223, E-274, E-332, E-450"
2026-03-05,"E-136, E-245, E-257, E-288, E-292, E-364, E-374, E-440"
2026-03-06,"E-002, E-010, E-059, E-063, E-094, E-143, E-231, E-254, E-284, E-316, E-371, E-382, E-433, E-453, E-470"
2026-03-07,"E-012, E-079, E-118, E-212, E-239, E-258, E-268, E-323, E-327, E-357, E-377, E-420"
2026-03-08,"E-028, E-093, E-104, E-146, E-177, E-219, E-263, E-318, E-334, E-365"
2026-03-09,"E-190, E-225, E-240, E-269, E-277, E-338, E-352, E-388, E-389, E-425, E-437, E-451, E-469, E-487, E-492"
2026-03-10,"E-032, E-111, E-180, E-266, E-294, E-321, E-422"
2026-03-11,"E-039, E-065, E-131, E-216, E-233, E-250, E-299, E-353, E-386, E-417, E-423, E-444, E-459"
2026-03-12,"E-005, E-014, E-073, E-115, E-138, E-176, E-215, E-260, E-410, E-454, E-474, E-485"
2026-03-13,"E-004, E-087, E-133, E-156, E-178, E-213, E-398, E-489"
2026-03-14,"E-016, E-030, E-051, E-053, E-114, E-155, E-163, E-174, E-211, E-236, E-324, E-330, E-350, E-430, E-439, E-458, E-494"
2026-03-15,"E-044, E-056, E-068, E-106, E-108, E-137, E-139, E-142, E-150, E-194, E-202, E-226, E-418, E-473, E-478, E-480"
2026-03-16,"E-011, E-082, E-083, E-100, E-119, E-199, E-238, E-247, E-287, E-414"
2026-03-17,"E-001, E-008, E-019, E-153, E-251, E-344, E-383, E-421"
2026-03-18,"E-013, E-037, E-089, E-095, E-129, E-304, E-310, E-313, E-322, E-452, E-475, E-483"
2026-03-19,"E-049, E-127, E-276, E-307, E-392, E-432, E-445"
2026-03-20,"E-023, E-042, E-075, E-126, E-171, E-279, E-281, E-355"
2026-03-21,"E-009, E-096, E-110, E-157, E-278, E-347, E-387"
2026-03-22,"E-088, E-161, E-412, E-426"
2026-03-23,"E-018, E-041, E-043, E-179, E-189, E-337, E-342, E-375, E-406, E-500"
2026-03-24,"E-071, E-170, E-280, E-282, E-434, E-495"
2026-03-25,"E-062, E-167, E-206, E-244, E-256, E-326, E-362, E-442, E-449, E-465"
2026-03-26,"E-109, E-128, E-130, E-140, E-162, E-172, E-188, E-253, E-267, E-298, E-319, E-429, E-435, E-479, E-498"
2026-03-27,"E-003, E-060, E-072, E-120, E-125, E-186, E-246, E-297, E-306, E-384, E-399, E-405"
2026-03-28,"E-006, E-134, E-147, E-152, E-195, E-229, E-305, E-317, E-341, E-358, E-369, E-396, E-416"
2026-03-29,"E-017, E-021, E-034, E-113, E-166, E-169, E-210, E-237, E-243, E-285, E-345, E-370, E-391, E-407, E-431, E-447, E-491"
2026-03-30,"E-058, E-069, E-076, E-135, E-149, E-221, E-271, E-308, E-403, E-436, E-446, E-484"
2026-03-31,"E-045, E-097, E-198, E-252, E-261, E-335, E-339, E-486, E-497"
2026-04-01,"E-077, E-117, E-187, E-275, E-359, E-367, E-462, E-493"
2026-04-02,"E-047, E-050, E-151, E-191, E-228, E-390, E-467, E-471, E-476"
2026-04-03,"E-036, E-048, E-057, E-064, E-090, E-124, E-154, E-192, E-217, E-259, E-290, E-320, E-336, E-424, E-443, E-496"
2026-04-04,"E-092, E-107, E-132, E-145, E-148, E-203, E-208, E-209, E-272, E-325, E-331, E-349, E-376, E-402, E-404, E-411, E-461, E-490"
2026-04-05,"E-086, E-122, E-160, E-185, E-224, E-230, E-242, E-309, E-348, E-380, E-393, E-409, E-419, E-455, E-499"
2026-04-06,"E-029, E-052, E-074, E-159, E-193, E-214, E-301"
2026-04-07,"E-078, E-080, E-121, E-200, E-227, E-235, E-273, E-312, E-351, E-366, E-379, E-397, E-482"
2026-04-08,"E-196, E-395"
2026-04-09,"E-020, E-022, E-040, E-054, E-098, E-265, E-289, E-291, E-293, E-302, E-314, E-329, E-346, E-427, E-428, E-448, E-456, E-457, E-472"
2026-04-10,"E-026, E-027, E-067, E-084, E-091, E-168, E-175, E-286, E-343, E-361, E-438"
2026-04-11,"E-015, E-046, E-081, E-207, E-232, E-303, E-315, E-360, E-372, E-378, E-381, E-385, E-415, E-466, E-468"
2026-04-12,"E-165, E-248, E-249, E-300, E-328, E-373, E-400, E-413"
2026-04-13,"E-141, E-144, E-183, E-184, E-255, E-264, E-333, E-368, E-463"
2026-04-14,"E-101, E-123, E-182, E-204, E-270, E-363, E-481"
